URL,Version,Status,OIDs,Name,Title,Descriptino,Used
http://hl7.org/fhir/address-type,4.0.1,active,"2.16.840.1.113883.4.642.4.70",AddressType,AddressType,"The type of an address (physical / postal).","ValueSet/address-type"
http://hl7.org/fhir/address-use,4.0.1,active,"2.16.840.1.113883.4.642.4.68",AddressUse,AddressUse,"The use of an address.","ValueSet/address-use"
http://hl7.org/fhir/administrative-gender,4.0.1,active,"2.16.840.1.113883.4.642.4.2",AdministrativeGender,AdministrativeGender,"The gender of a person used for administrative purposes.","ValueSet/administrative-gender"
http://hl7.org/fhir/allergy-intolerance-category,4.0.1,draft,"2.16.840.1.113883.4.642.4.134",AllergyIntoleranceCategory,AllergyIntoleranceCategory,"Category of an identified substance associated with allergies or intolerances.","ValueSet/allergy-intolerance-category"
http://hl7.org/fhir/allergy-intolerance-criticality,4.0.1,draft,"2.16.840.1.113883.4.642.4.130",AllergyIntoleranceCriticality,AllergyIntoleranceCriticality,"Estimate of the potential clinical harm, or seriousness, of a reaction to an identified substance.","ValueSet/allergy-intolerance-criticality"
http://hl7.org/fhir/allergy-intolerance-type,4.0.1,draft,"2.16.840.1.113883.4.642.4.132",AllergyIntoleranceType,AllergyIntoleranceType,"Identification of the underlying physiological mechanism for a Reaction Risk.","ValueSet/allergy-intolerance-type"
http://hl7.org/fhir/appointmentstatus,4.0.1,draft,"2.16.840.1.113883.4.642.4.485",AppointmentStatus,AppointmentStatus,"The free/busy status of an appointment.","ValueSet/appointmentstatus"
http://hl7.org/fhir/bundle-type,4.0.1,active,"2.16.840.1.113883.4.642.4.621",BundleType,BundleType,"Indicates the purpose of a bundle - how it is intended to be used.","ValueSet/bundle-type"
http://hl7.org/fhir/care-plan-activity-status,4.0.1,draft,"2.16.840.1.113883.4.642.4.147",CarePlanActivityStatus,CarePlanActivityStatus,"Codes that reflect the current state of a care plan activity within its overall life cycle.","ValueSet/care-plan-activity-status"
http://hl7.org/fhir/composition-status,4.0.1,draft,"2.16.840.1.113883.4.642.4.242",CompositionStatus,CompositionStatus,"The workflow/clinical status of the composition.","ValueSet/composition-status"
http://hl7.org/fhir/contact-point-system,4.0.1,active,"2.16.840.1.113883.4.642.4.72",ContactPointSystem,ContactPointSystem,"Telecommunications form for contact point.","ValueSet/contact-point-system"
http://hl7.org/fhir/contact-point-use,4.0.1,active,"2.16.840.1.113883.4.642.4.74",ContactPointUse,ContactPointUse,"Use of contact point.","ValueSet/contact-point-use"
http://hl7.org/fhir/days-of-week,4.0.1,active,"2.16.840.1.113883.4.642.4.513",DaysOfWeek,DaysOfWeek,"The days of the week.","ValueSet/days-of-week"
http://hl7.org/fhir/document-reference-status,4.0.1,draft,"2.16.840.1.113883.4.642.4.8",DocumentReferenceStatus,DocumentReferenceStatus,"The status of the document reference.","ValueSet/document-reference-status"
http://hl7.org/fhir/document-relationship-type,4.0.1,draft,"2.16.840.1.113883.4.642.4.245",DocumentRelationshipType,DocumentRelationshipType,"The type of relationship between documents.","ValueSet/document-relationship-type"
http://hl7.org/fhir/encounter-location-status,4.0.1,draft,"2.16.840.1.113883.4.642.4.263",EncounterLocationStatus,EncounterLocationStatus,"The status of the location.","ValueSet/encounter-location-status"
http://hl7.org/fhir/encounter-status,4.0.1,draft,"2.16.840.1.113883.4.642.4.247",EncounterStatus,EncounterStatus,"Current state of the encounter.","ValueSet/encounter-status"
http://hl7.org/fhir/fhir-types,5.0.0,active,"2.16.840.1.113883.4.642.4.1802",FHIRTypes,All FHIR Types,"One of the types defined as part of this version of FHIR.","ValueSet/resource-types"
http://hl7.org/fhir/fm-status,4.0.1,draft,"2.16.840.1.113883.4.642.4.593",FinancialResourceStatusCodes,Financial Resource Status Codes,"This value set includes Status codes.","ValueSet/fm-status"
http://hl7.org/fhir/http-verb,4.0.1,active,"2.16.840.1.113883.4.642.4.625",HTTPVerb,HTTPVerb,"HTTP verbs (in the HTTP command line). See [HTTP rfc](https://tools.ietf.org/html/rfc7231) for details.","ValueSet/http-verb"
http://hl7.org/fhir/identifier-use,4.0.1,active,"2.16.840.1.113883.4.642.4.58",IdentifierUse,IdentifierUse,"Identifies the purpose for this identifier, if known .","ValueSet/identifier-use"
http://hl7.org/fhir/link-type,4.0.1,active,"2.16.840.1.113883.4.642.4.424",LinkType,LinkType,"The type of link between this patient resource and another patient resource.","ValueSet/link-type"
http://hl7.org/fhir/message-events,4.0.1,active,,MessageEvent,MessageEvent,"One of the message events defined as part of this version of FHIR.","ValueSet/message-events"
http://hl7.org/fhir/name-use,4.0.1,active,"2.16.840.1.113883.4.642.4.66",NameUse,NameUse,"The use of a human name.","ValueSet/name-use"
http://hl7.org/fhir/observation-status,4.0.1,active,"2.16.840.1.113883.4.642.4.401",ObservationStatus,ObservationStatus,"Codes providing the status of an observation.","ValueSet/observation-status"
http://hl7.org/fhir/participantrequired,4.0.1,draft,"2.16.840.1.113883.4.642.4.489",ParticipantRequired,ParticipantRequired,"Is the Participant required to attend the appointment.","ValueSet/participantrequired"
http://hl7.org/fhir/participationstatus,4.0.1,draft,"2.16.840.1.113883.4.642.4.487",ParticipationStatus,ParticipationStatus,"The Participation status of an appointment.","ValueSet/participationstatus"
http://hl7.org/fhir/questionnaire-answers-status,4.0.1,draft,"2.16.840.1.113883.4.642.4.448",QuestionnaireResponseStatus,QuestionnaireResponseStatus,"Lifecycle status of the questionnaire response.","ValueSet/questionnaire-answers-status"
http://hl7.org/fhir/reaction-event-severity,4.0.1,draft,"2.16.840.1.113883.4.642.4.136",AllergyIntoleranceSeverity,AllergyIntoleranceSeverity,"Clinical assessment of the severity of a reaction event as a whole, potentially considering multiple different manifestations.","ValueSet/reaction-event-severity"
http://hl7.org/fhir/request-intent,4.0.1,draft,"2.16.840.1.113883.4.642.4.114",RequestIntent,RequestIntent,"Codes indicating the degree of authority/intentionality associated with a request.","ValueSet/request-intent,ValueSet/care-plan-intent"
http://hl7.org/fhir/request-priority,4.0.1,draft,"2.16.840.1.113883.4.642.4.116",RequestPriority,RequestPriority,"Identifies the level of importance to be assigned to actioning the request.","ValueSet/request-priority"
http://hl7.org/fhir/request-status,4.0.1,draft,"2.16.840.1.113883.4.642.4.112",RequestStatus,RequestStatus,"Codes identifying the lifecycle stage of a request.","ValueSet/request-status"
http://hl7.org/fhir/resource-types,4.0.1,active,,ResourceType,ResourceType,"One of the resource types defined as part of this version of FHIR.","ValueSet/care-plan-activity-kind"
http://hl7.org/fhir/response-code,4.0.1,draft,"2.16.840.1.113883.4.642.4.381",ResponseType,ResponseType,"The kind of response to a message.","ValueSet/response-code"
http://hl7.org/fhir/search-entry-mode,4.0.1,active,"2.16.840.1.113883.4.642.4.623",SearchEntryMode,SearchEntryMode,"Why an entry is in the result set - whether it's included as a match or because of an _include requirement, or to convey information or warning information about the search process.","ValueSet/search-entry-mode"
http://loinc.org,3.1.0,active,"2.16.840.1.113883.6.1",LOINC,Logical Observation Identifiers, Names and Codes (LOINC),"LOINC provides a set of universal names and ID codes for identifying laboratory and clinical test results.1,2 LOINC facilitates the exchange and pooling of results, such as blood hemoglobin, serum potassium, or vital signs, for clinical care, outcomes management, and research. LOINC's universal identifiers (names and codes) can be used in the context of order and observation exchanges between information systems that use syntax standards such as HL73, CEN TC251, ISO TC215, ASTM4, and DICOM. Specifically, the identifier can be used as the coded value for an observation in any other standard that uses the observation/observation value paradigm, whether messages, documents, application programming interface (API), etc. For example, LOINC codes are used widely in the OBX segment Observation Identifier field (OBX-3) of an ORU HL7 (HL7 version 2.x or ASTM 1238-9410) message that may be sent between a Clinical Laboratory Information Management Systems (LIMS) and Electronic Health Record Systems (EHR).5, 6 In this way, LOINC codes provide universal identifiers that allow the exchange of clinical data between heterogeneous computing environments.","ValueSet/CodigoExamen,ValueSet/observation-codes,ValueSet/document-classcodes"
http://snomed.info/sct,null,active,"2.16.840.1.113883.6.96",SNOMED_CT,SNOMED CT (all versions),"SNOMED CT is the most comprehensive and precise clinical health terminology product in the world, owned and distributed around the world by The International Health Terminology Standards Development Organisation (IHTSDO).","ValueSet/servicerequest-category,ValueSet/condition-stage,ValueSet/clinical-findings,ValueSet/encounter-reason,ValueSet/participant-role,ValueSet/VSServicioRequerido,ValueSet/medication-codes,ValueSet/body-site,ValueSet/manifestation-or-symptom,ValueSet/procedure-code,ValueSet/medication-as-needed-reason,ValueSet/c80-facilitycodes,ValueSet/referencerange-appliesto,ValueSet/c80-practice-codes,ValueSet/route-codes,ValueSet/substance-code,ValueSet/procedure-reason,ValueSet/care-plan-activity-outcome,ValueSet/condition-code,ValueSet/allergyintolerance-code,ValueSet/condition-stage-type,ValueSet/care-plan-category,ValueSet/observation-methods,ValueSet/questionnaire-answers,ValueSet/servicerequest-orderdetail,ValueSet/condition-severity"
http://terminology.hl7.org/CodeSystem/admit-source,0.1.0,draft,"2.16.840.1.113883.4.642.1.1092",AdmitSource,Admit source,"This value set defines a set of codes that can be used to indicate from where the patient came in.","ValueSet/encounter-admit-source"
http://terminology.hl7.org/CodeSystem/allergyintolerance-clinical,0.5.0,draft,"2.16.840.1.113883.4.642.1.1373",AllergyIntoleranceClinicalStatusCodes,AllergyIntolerance Clinical Status Codes,"Preferred value set for AllergyIntolerance Clinical Status.","ValueSet/allergyintolerance-clinical"
http://terminology.hl7.org/CodeSystem/allergyintolerance-verification,0.5.0,draft,"2.16.840.1.113883.4.642.1.1371",AllergyIntoleranceVerificationStatus,AllergyIntolerance Verification Status,"The verification status to support or decline the clinical status of the allergy or intolerance.","ValueSet/allergyintolerance-verification"
http://terminology.hl7.org/CodeSystem/appointment-cancellation-reason,1.0.0,draft,"2.16.840.1.113883.4.642.1.1382",AppointmentCancellationReason,Appointment cancellation reason,"This example value set defines a set of reasons for the cancellation of an appointment.","ValueSet/appointment-cancellation-reason"
http://terminology.hl7.org/CodeSystem/common-tags,0.1.0,draft,"2.16.840.1.113883.4.642.1.1067",CommonTags,Common Tags,"Common Tag Codes defined by FHIR project","ValueSet/common-tags"
http://terminology.hl7.org/CodeSystem/condition-category,0.5.0,draft,"2.16.840.1.113883.4.642.1.1073",ConditionCategoryCodes,Condition Category Codes,"Preferred value set for Condition Categories.","ValueSet/condition-category"
http://terminology.hl7.org/CodeSystem/condition-clinical,2.0.0,active,"2.16.840.1.113883.4.642.1.1074",ConditionClinicalStatusCodes,Condition Clinical Status Codes,"Preferred value set for Condition Clinical Status.","ValueSet/condition-clinical"
http://terminology.hl7.org/CodeSystem/condition-ver-status,1.0.0,draft,"2.16.840.1.113883.4.642.1.1075",ConditionVerificationStatus,ConditionVerificationStatus,"The verification status to support or decline the clinical status of the condition or diagnosis.","ConceptMap/CMHipotesisDiagnosticaCodigoAConditionVerificationStatus,ValueSet/condition-ver-status"
http://terminology.hl7.org/CodeSystem/contactentity-type,0.5.0,draft,"2.16.840.1.113883.4.642.1.1129",ContactEntityType,Contact entity type,"This example value set defines a set of codes that can be used to indicate the purpose for which you would contact a contact party.","ValueSet/contactentity-type"
http://terminology.hl7.org/CodeSystem/coverage-copay-type,0.1.0,draft,"2.16.840.1.113883.4.642.1.1149",CoverageCopayTypeCodes,Coverage Copay Type Codes,"This value set includes sample Coverage Copayment Type codes.","ValueSet/coverage-copay-type"
http://terminology.hl7.org/CodeSystem/coverage-selfpay,0.1.0,draft,"2.16.840.1.113883.4.642.1.1148",CoverageSelfPayCodes,Coverage SelfPay Codes,"This value set includes Coverage SelfPay codes.","ValueSet/coverage-type"
http://terminology.hl7.org/CodeSystem/data-absent-reason,0.1.0,active,"2.16.840.1.113883.4.642.4.1048",DataAbsentReason,DataAbsentReason,"Used to specify why the normally expected content of the data element is missing.","ValueSet/data-absent-reason"
http://terminology.hl7.org/CodeSystem/diagnosis-role,0.1.1,draft,"2.16.840.1.113883.4.642.1.1054",DiagnosisRole,Diagnosis Role,"This value set defines a set of codes that can be used to express the role of a diagnosis on the Encounter or EpisodeOfCare record.","ValueSet/diagnosis-role"
http://terminology.hl7.org/CodeSystem/diet,0.1.0,draft,"2.16.840.1.113883.4.642.1.1091",Diet,Diet,"This value set defines a set of codes that can be used to indicate dietary preferences or restrictions a patient may have.","ValueSet/encounter-diet"
http://terminology.hl7.org/CodeSystem/discharge-disposition,0.1.0,draft,"2.16.840.1.113883.4.642.1.1093",DischargeDisposition,Discharge disposition,"This value set defines a set of codes that can be used to where the patient left the hospital.","ValueSet/encounter-discharge-disposition"
http://terminology.hl7.org/CodeSystem/encounter-special-arrangements,0.1.0,draft,"2.16.840.1.113883.4.642.1.1090",SpecialArrangements,Special arrangements,"This value set defines a set of codes that can be used to indicate the kinds of special arrangements in place for a patients visit.","ValueSet/encounter-special-arrangements"
http://terminology.hl7.org/CodeSystem/encounter-type,0.1.0,draft,"2.16.840.1.113883.4.642.1.1088",EncounterType,Encounter type,"This example value set defines a set of codes that can be used to indicate the type of encounter: a specific code indicating type of service provided.","ValueSet/encounter-type"
http://terminology.hl7.org/CodeSystem/ex-coverage-financial-exception,0.1.0,draft,"2.16.840.1.113883.4.642.1.1329",ExampleCoverageFinancialExceptionCodes,Example Coverage Financial Exception Codes,"This value set includes Example Coverage Financial Exception Codes.","ValueSet/coverage-financial-exception"
http://terminology.hl7.org/CodeSystem/location-physical-type,1.0.0,draft,"2.16.840.1.113883.4.642.1.1108",LocationType,Location type,"This example value set defines a set of codes that can be used to indicate the physical form of the Location.  This includes several 'non physical' codes which are still considered a location.","ValueSet/location-physical-type"
http://terminology.hl7.org/CodeSystem/message-reasons-encounter,0.1.0,draft,"2.16.840.1.113883.4.642.1.1122",ExampleMessageReasonCodes,Example Message Reason Codes,"Example Message Reasons. These are the set of codes that might be used an updating an encounter using admin-update.","ValueSet/message-reason-encounter"
http://terminology.hl7.org/CodeSystem/observation-category,0.1.0,draft,"2.16.840.1.113883.4.642.1.1125",ObservationCategoryCodes,Observation Category Codes,"Observation Category codes.","ValueSet/observation-category"
http://terminology.hl7.org/CodeSystem/organization-type,0.1.0,draft,"2.16.840.1.113883.4.642.1.1128",OrganizationType,Organization type,"This example value set defines a set of codes that can be used to indicate a type of organization.","ValueSet/organization-type"
http://terminology.hl7.org/CodeSystem/participant-type,0.5.0,draft,"2.16.840.1.113883.4.642.1.1089",ParticipantType,Participant type,"This value set defines a set of codes that can be used to indicate how an individual participates in an encounter.","ValueSet/encounter-participant-type"
http://terminology.hl7.org/CodeSystem/referencerange-meaning,0.1.0,draft,"2.16.840.1.113883.4.642.1.1124",ObservationReferenceRangeMeaningCodes,Observation Reference Range Meaning Codes,"This value set defines a set of codes that can be used to indicate the meaning/use of a reference range for a particular target population.","ValueSet/referencerange-meaning"
http://terminology.hl7.org/CodeSystem/service-category,0.1.0,draft,"2.16.840.1.113883.4.642.1.1144",ServiceCategory,Service category,"This value set defines an example set of codes that can be used to classify groupings of service-types/specialties.","ValueSet/service-category"
http://terminology.hl7.org/CodeSystem/service-type,0.1.0,draft,"2.16.840.1.113883.4.642.1.1145",ServiceType,Service type,"This value set defines an example set of codes of service-types.","ValueSet/service-type"
http://terminology.hl7.org/CodeSystem/subscriber-relationship,0.1.0,draft,"2.16.840.1.113883.4.642.1.1386",SubscriberRelationshipCodes,SubscriberPolicyholder Relationship Codes,"This value set includes codes for the relationship between the Subscriber and the Beneficiary (insured/covered party/patient).","ValueSet/subscriber-relationship"
http://terminology.hl7.org/CodeSystem/v2-0092,2.1.0,active,"2.16.840.1.113883.18.36",ReAdmissionIndicator,re-admissionIndicator,"Code system of concepts which are used to specify that a patient is being re admitted to a healthcare facilityin from which they were discharged, and indicates the circumstances around such re-admission.  Used in HL7 Version 2.x messagine in the PV1 segment.","ValueSet/v2-0092"
http://terminology.hl7.org/CodeSystem/v2-0131,2.1.0,active,"2.16.840.1.113883.18.58",ContactRole2,contactRole2,"Code system of concepts which specify a relationship role that the next of kin/associated parties plays with regard to the patient. Also used in referrals, for example, it may be necessary to identify the contact representative at the clinic that sent a referral. Used in HL7 Version 2 messaging in the NK1 and CTD segments after 2.5, when it replace 2.16.840.1.113883.18.57.","ValueSet/patient-contactrelationship"
http://terminology.hl7.org/CodeSystem/v2-0203,3.0.0,active,"2.16.840.1.113883.18.108",IdentifierType,identifierType,"HL7-defined code system of concepts specifying type of identifier. Used in HL7 Version 2.x messaging data types CX, PLN, PPN, XCN and XON.","ValueSet/identifier-type"
http://terminology.hl7.org/CodeSystem/v2-0276,2.1.0,active,"2.16.840.1.113883.18.169",AppointmentReason,appointmentReason,"Code system of concepts used to describe the kind of appointment or the reason why an appointment has been scheduled.  Used in HL7 Version 2.x messaging in the ARQ segment.","ValueSet/v2-0276"
http://terminology.hl7.org/CodeSystem/v3-ActCode,8.0.1,active,"2.16.840.1.113883.5.4",ActCode,ActCode,"A code specifying the particular kind of Act that the Act-instance represents within its class.    *Constraints:* The kind of Act (e.g. physical examination, serum potassium, inpatient encounter, charge financial transaction, etc.) is specified with a code from one of several, typically external, coding systems. The coding system will depend on the class of Act, such as LOINC for observations, etc.    Conceptually, the Act.code must be a specialization of the Act.classCode. This is why the structure of ActClass domain should be reflected in the superstructure of the ActCode domain and then individual codes or externally referenced vocabularies subordinated under these domains that reflect the ActClass structure.    Act.classCode and Act.code are not modifiers of each other but the Act.code concept should really imply the Act.classCode concept. For a negative example, it is not appropriate to use an Act.code ""potassium"" together with and Act.classCode for ""laboratory observation"" to somehow mean ""potassium laboratory observation"" and then use the same Act.code for ""potassium"" together with Act.classCode for ""medication"" to mean ""substitution of potassium"". This mutually modifying use of Act.code and Act.classCode is not permitted.","ValueSet/v3-ActCode,ValueSet/v3-ActEncounterCode"
http://terminology.hl7.org/CodeSystem/v3-ActPriority,2.1.0,active,"2.16.840.1.113883.5.7",ActPriority,ActPriority,"A set of codes (e.g., for routine, emergency), specifying the urgency under which the Act happened, can happen, is happening, is intended to happen, or is requested/demanded to happen.","ValueSet/v3-ActPriority"
http://terminology.hl7.org/CodeSystem/v3-EncounterSpecialCourtesy,2.1.0,active,"2.16.840.1.113883.5.40",EncounterSpecialCourtesy,EncounterSpecialCourtesy,"**** MISSING DESCRIPTION ****","ValueSet/encounter-special-courtesy"
http://terminology.hl7.org/CodeSystem/v3-NullFlavor,2.1.0,active,"2.16.840.1.113883.5.1008",NullFlavor,NullFlavor,"A collection of codes specifying why a valid value is not present.","ValueSet/encounter-special-courtesy"
http://terminology.hl7.org/CodeSystem/v3-ObservationInterpretation,2.1.0,active,"2.16.840.1.113883.5.83",ObservationInterpretation,ObservationInterpretation,"One or more codes providing a rough qualitative interpretation of the observation, such as ""normal"" / ""abnormal"", ""low"" / ""high"", ""better"" / ""worse"", ""resistant"" / ""susceptible"", ""expected"" / ""not expected"". The value set is intended to be for ANY use where coded representation of an interpretation is needed.","ValueSet/observation-interpretation"
http://terminology.hl7.org/CodeSystem/v3-ParticipationType,4.0.0,active,"2.16.840.1.113883.5.90",ParticipationType,ParticipationType,"A code specifying the meaning and purpose of every Participation instance. Each of its values implies specific constraints on the Roles undertaking the participation.","ValueSet/encounter-participant-type"
http://terminology.hl7.org/CodeSystem/v3-RoleCode,2.2.0,active,"2.16.840.1.113883.5.111",RoleCode,RoleCode,"A set of codes further specifying the kind of Role; specific classification codes for further qualifying RoleClass codes.","ValueSet/v3-ServiceDeliveryLocationRoleType"
https://hl7chile.cl/fhir/ig/clcore/CodeSystem/CSCodComunasCL,1.8.5,active,,CSCodComunasCL,Códigos de Comunas en Chile,"Códigos de Comunas para Chile según Códigos Únicos Territoriales Actualizados, por Decreto exento No 817 del Ministerio del Interior","ValueSet/VSCodigosComunaCL"
https://hl7chile.cl/fhir/ig/clcore/CodeSystem/CSCodProvinciasCL,1.8.5,active,,CSCodProvinciasCL,Códigos de Provincias en Chile,"Códigos de Provincias para Chile según Códigos Únicos Territoriales Actualizados, por Decreto exento No 817 del Ministerio del Interior","ValueSet/VSCodigosProvinciasCL"
https://hl7chile.cl/fhir/ig/clcore/CodeSystem/CSCodRegionCL,1.8.5,active,,CSCodRegionCL,Códigos de Regiones en Chile,"Códigos de Regiones para Chile según Códigos Únicos Territoriales Actualizados, por Decreto exento No 817 del Ministerio del Interior","ValueSet/VSCodigosRegionesCL"
https://hl7chile.cl/fhir/ig/clcore/CodeSystem/CSCodigoslenguaje,1.8.5,active,,CSCodigoslenguaje,Codigos Lenguaje,"Codigoslenguaje","ValueSet/VSCodigoslenguaje"
https://hl7chile.cl/fhir/ig/clcore/CodeSystem/CSTipoIdentificador,1.8.5,active,,CSTipoIdentificador,Tipo Identificador,"Tipo Identificador","ValueSet/VSTipoIdentificador"
https://hl7chile.cl/fhir/ig/clcore/CodeSystem/CodPais,1.8.5,active,,CSCodPaises,Códigos de Países,"Codigos definidos para la identificación de países segun norma ISO3166-N","ValueSet/CodPais"
https://interoperabilidad.minsal.cl/fhir/ig/tei/CodeSystem/CSConsecuenciaAtencionCodigo,0.1.7,active,,CSConsecuenciaAtencionCodigo,Consecuencia Atención Codigo,"Consecuencia Atención Codigo","ValueSet/VSConsecuenciaAtencionCodigo"
https://interoperabilidad.minsal.cl/fhir/ig/tei/CodeSystem/CSDerivadoParaCodigo,0.1.7,active,,CSDerivadoParaCodigo,Derivado Para,"Derivado Para","ValueSet/VSDerivadoParaCodigo"
https://interoperabilidad.minsal.cl/fhir/ig/tei/CodeSystem/CSDestinoReferenciaCodigo,0.1.7,active,,CSDestinoReferenciaCodigo,Destino Referencia Codigo,"Destino Referencia Codigo","ValueSet/VSDestinoReferenciaCodigo"
https://interoperabilidad.minsal.cl/fhir/ig/tei/CodeSystem/CSDocAcreditacionCuidador,0.1.7,active,,CSDocAcreditacionCuidador,Documento Acreditacion Cuidador,"Documento Acreditacion Cuidador","ValueSet/VSDocAcreditacionCuidador"
https://interoperabilidad.minsal.cl/fhir/ig/tei/CodeSystem/CSEspecialidadBioqca,0.1.7,active,,CSEspecialidadBioqca,Especialidades y Subespecialidades Bioquímicas,"Especialidades y Subespecialidades Bioquímicas","ValueSet/VSEspecialidadBioqca,ValueSet/VSEspecialidades"
https://interoperabilidad.minsal.cl/fhir/ig/tei/CodeSystem/CSEspecialidadFarma,0.1.7,active,,CSEspecialidadFarma,Especialidades Farmaceúticas o Química Farmaceúticas,"Especialidades Farmaceúticas o Química Farmaceúticas","ValueSet/VSEspecialidades,ValueSet/VSEspecialidadFarma"
https://interoperabilidad.minsal.cl/fhir/ig/tei/CodeSystem/CSEspecialidadMed,0.1.7,active,,CSEspecialidadMed,EspecialidadMed,"EspecialidadMed","ValueSet/VSEspecialidades,ValueSet/VSEspecialidadMed"
https://interoperabilidad.minsal.cl/fhir/ig/tei/CodeSystem/CSEspecialidadOdont,0.1.7,active,,CSEspecialidadOdont,Especialidades Odontológicas,"Especialidades Odontológicas","ValueSet/VSEspecialidadOdont,ValueSet/VSEspecialidades"
https://interoperabilidad.minsal.cl/fhir/ig/tei/CodeSystem/CSEstablecimientoDestinoCodigo,0.1.7,active,,CSEstablecimientoDestinoCodigo,Establecimiento Destino Codigo,"Establecimiento Destino Codigo","ValueSet/VSEstablecimientoDestinoCodigo"
https://interoperabilidad.minsal.cl/fhir/ig/tei/CodeSystem/CSEstadoCivil,0.1.7,active,,CSEstadoCivil,EstadoCivil,"EstadoCivil","ValueSet/VSEstadoCivil"
https://interoperabilidad.minsal.cl/fhir/ig/tei/CodeSystem/CSEstadoInterconsulta,0.1.7,active,,CSEstadoInterconsulta,Estado Interconsulta,"Estado Interconsulta","ValueSet/VSEstadoInterconsulta"
https://interoperabilidad.minsal.cl/fhir/ig/tei/CodeSystem/CSHipotesisDiagnosticaCodigo,0.1.7,active,,CSHipotesisDiagnosticaCodigo,HipotesisDiagnosticaCodigo,"HipotesisDiagnosticaCodigo","ConceptMap/CMHipotesisDiagnosticaCodigoAConditionVerificationStatus,ValueSet/VSHipotesisDiagnosticaCodigo"
https://interoperabilidad.minsal.cl/fhir/ig/tei/CodeSystem/CSIdentidaddeGenero,0.1.7,active,,CSIdentidaddeGenero,Identidad de Genero,"Identidad de Genero","ValueSet/VSIdentidaddeGenero"
https://interoperabilidad.minsal.cl/fhir/ig/tei/CodeSystem/CSIndicecomorbilidad,0.1.7,active,,CSIndicecomorbilidad,Indice Comorbilidad,"Indice Comorbilidad","ValueSet/VSIndicecomorbilidad"
https://interoperabilidad.minsal.cl/fhir/ig/tei/CodeSystem/CSMedioNotificacion,0.1.7,active,,CSMedioNotificacion,Medio Notificación,"Medio Notificación","ValueSet/VSMedioNotificacion"
https://interoperabilidad.minsal.cl/fhir/ig/tei/CodeSystem/CSModalidadAtencionCodigo,0.1.7,active,,CSModalidadAtencionCodigo,Modalidad Atencion Codigo,"Modalidad Atencion Codigo","ValueSet/VSModalidadAtencionCodigo"
https://interoperabilidad.minsal.cl/fhir/ig/tei/CodeSystem/CSMotivoCierreInterconsulta,0.1.7,active,,CSMotivoCierreInterconsulta,Motivo Cierre Interconsulta,"Motivo Cierre Interconsulta","ValueSet/VSMotivoCierreInterconsulta"
https://interoperabilidad.minsal.cl/fhir/ig/tei/CodeSystem/CSMotivoNoContactabilidad,0.1.7,active,,CSMotivoNoContactabilidad,Motivo No Contactabilidad,"Motivo No Contactabilidad","ValueSet/VSMotivoNoContactabilidad"
https://interoperabilidad.minsal.cl/fhir/ig/tei/CodeSystem/CSMotivoNoPertinenciaCodigo,0.1.7,active,,CSMotivoNoPertinenciaCodigo,Motivo No Pertinencia Codigo,"Motivo No Pertinencia Codigo","ValueSet/VSMotivoNoPertinenciaCodigo"
https://interoperabilidad.minsal.cl/fhir/ig/tei/CodeSystem/CSPertinenciaInterconsulta,0.1.7,active,,CSPertinenciaInterconsulta,Pertinencia Interconsulta,"Pertinencia Interconsulta","ValueSet/VSPertinenciaInterconsulta"
https://interoperabilidad.minsal.cl/fhir/ig/tei/CodeSystem/CSPractitionerTipoRolLE,0.1.7,active,,CSPractitionerTipoRolLE,Rol de médicos,"CodeSystem con códigos definidos para representar cada rol de profesional o funcionario administrativo dentro de la interconsulta","ValueSet/VSPractitionerTipoRolLE"
https://interoperabilidad.minsal.cl/fhir/ig/tei/CodeSystem/CSPrevisionCodigo,0.1.7,active,,CSPrevisionCodigo,PrevisionCodigo,"PrevisionCodigo","ValueSet/VSPrevisionCodigo"
https://interoperabilidad.minsal.cl/fhir/ig/tei/CodeSystem/CSReligion,0.1.7,active,,CSReligion,Religion,"Religion","ValueSet/VSReligion"
https://interoperabilidad.minsal.cl/fhir/ig/tei/CodeSystem/CSSexoBiologico,0.1.7,active,,CSSexoBiologico,Códigos para Sexo de Nacimiento de Paciente,"Codigos definidos para el sexo de nacimiento de un paciente en Chile","ValueSet/VSSexoBiologico"
https://interoperabilidad.minsal.cl/fhir/ig/tei/CodeSystem/CSSospechaPatologia,0.1.7,active,,CSSospechaPatologia,Sospecha Patologia,"Sospecha Patologia","ValueSet/VSSospechaPatologia"
https://interoperabilidad.minsal.cl/fhir/ig/tei/CodeSystem/CSSospechaPatologiaGes,0.1.7,active,,CSSospechaPatologiaGes,Sospecha Patologia Ges,"Sospecha Patologia Ges","ValueSet/VSSospechaPatologiaGes"
https://interoperabilidad.minsal.cl/fhir/ig/tei/CodeSystem/CSTipoCodDiagnostica,0.1.7,active,,CSTipoCodDiagnostica,Tipo Codificación Diagnostica,"Tipo Codificación Diagnostica","ValueSet/VSTipoCodDiagnostica"
https://interoperabilidad.minsal.cl/fhir/ig/tei/CodeSystem/CSTipoConsulta,0.1.7,active,,CSTipoConsulta,Tipo Consulta,"Tipo Consulta","ValueSet/VSTipoConsulta"
https://interoperabilidad.minsal.cl/fhir/ig/tei/CodeSystem/CSTipoEventoLE,0.1.7,active,,CSTipoEventoLE,Tipo de Evento,"CodeSystem con códigos definidos para representar cada evento en la interconsulta","ValueSet/VSTipoEventoLE"
https://interoperabilidad.minsal.cl/fhir/ig/tei/CodeSystem/CSTituloProfesional,0.1.7,active,,CSTituloProfesional,TituloProfesional,"TituloProfesional","ValueSet/VSTituloProfesional"
https://interoperabilidad.minsal.cl/fhir/ig/tei/CodeSystem/CSinterconsulta,0.1.7,active,,CSinterconsulta,Interconsulta,"Interconsulta","ValueSet/VSinterconsulta"
https://interoperabilidad.minsal.cl/fhir/ig/tei/CodeSystem/PueblosOriginariosCS,0.1.7,draft,,PueblosOriginariosCS,Pueblos Originarios de Chile,"Pueblos Originarios de Chile","ValueSet/PueblosOriginariosVS"
urn:ietf:bcp:47,2.0.1,active,"2.16.840.1.113883.6.121",Ietf3066,Tags for the Identification of Languages,"Older value from OID registry.  Superceded; see recommendations in BCP-47.","ValueSet/languages"
